annee,mois,categorie,nb_commandes,nb_articles,chiffre_affaires,marge_brute
2024,1,Électroménager,47,808,403953.35,158306.00
2024,1,Électronique,58,1077,441729.70,168795.00
2024,1,Agroalimentaire,53,956,56669.40,19320.00
2024,1,BTP,57,1111,34344.50,12940.00
2024,1,Jouets,58,1077,52141.05,26335.00
2024,1,Mobilier,52,1002,605460.95,261708.00
2024,1,Textile,52,1119,134237.35,68201.00
2024,2,Électroménager,44,761,408715.55,160457.00
2024,2,Électronique,40,758,298568.20,114642.00
2024,2,Agroalimentaire,48,979,50670.95,17914.00
2024,2,BTP,50,1040,37646.20,14055.00
2024,2,Jouets,53,784,36057.20,18046.00
2024,2,Mobilier,47,954,511982.65,218066.00
2024,2,Textile,50,868,96663.25,49047.00
2024,3,Électroménager,52,760,378052.25,149166.00
2024,3,Électronique,48,881,300029.90,115935.00
2024,3,Agroalimentaire,55,1014,59749.60,20292.00
2024,3,BTP,56,1111,39909.70,15134.00
2024,3,Jouets,56,949,42991.05,22003.00
2024,3,Mobilier,55,973,567982.70,246997.00
2024,3,Textile,48,938,95829.95,48598.00
2024,4,Électroménager,50,765,376169.50,147459.00
2024,4,Électronique,56,1014,385047.45,151020.00
2024,4,Agroalimentaire,51,1072,58345.35,20600.00
2024,4,BTP,53,880,35236.30,13431.00
2024,4,Jouets,42,704,30247.10,15488.00
2024,4,Mobilier,40,724,383609.30,164496.00
2024,4,Textile,40,744,83837.80,42305.00
2024,5,Électroménager,55,1143,597507.35,233943.00
2024,5,Électronique,54,1006,357828.65,136644.00
2024,5,Agroalimentaire,48,880,44830.45,15762.00
2024,5,BTP,54,1139,51686.00,19660.00
2024,5,Jouets,48,883,37896.85,19387.00
2024,5,Mobilier,48,922,521942.60,222778.00
2024,5,Textile,54,925,95301.90,48555.00
2024,6,Électroménager,57,1186,600451.00,235686.00
2024,6,Électronique,46,836,382511.65,143184.00
2024,6,Agroalimentaire,44,876,49714.75,17226.00
2024,6,BTP,56,954,31527.30,12039.00
2024,6,Jouets,55,1019,48336.20,24627.00
2024,6,Mobilier,57,1144,658123.65,280356.00
2024,6,Textile,46,710,78411.10,39367.00
2024,7,Électroménager,53,1033,514477.25,202171.00
2024,7,Électronique,51,751,265394.80,102207.00
2024,7,Agroalimentaire,51,942,52910.85,18346.00
2024,7,BTP,52,1022,46113.35,17666.00
2024,7,Jouets,51,829,43043.75,21277.00
2024,7,Mobilier,43,743,420889.60,178127.00
2024,7,Textile,51,923,92564.45,46677.00
2024,8,Électroménager,53,1017,479023.45,189127.00
2024,8,Électronique,59,1282,586419.65,221370.00
2024,8,Agroalimentaire,53,925,49538.95,17619.00
2024,8,BTP,49,850,33733.40,12689.00
2024,8,Jouets,57,1229,54297.60,27685.00
2024,8,Mobilier,52,1019,586287.90,251221.00
2024,8,Textile,53,864,90769.85,46348.00
2024,9,Électroménager,42,700,372624.70,146078.00
2024,9,Électronique,66,1297,476093.25,181821.00
2024,9,Agroalimentaire,56,1003,51666.95,18441.00
2024,9,BTP,49,816,33473.60,12890.00
2024,9,Jouets,48,822,41516.95,20794.00
2024,9,Mobilier,43,802,446675.05,190058.00
2024,9,Textile,50,993,125417.00,63457.00
2024,10,Électroménager,52,983,494133.25,194979.00
2024,10,Électronique,57,1194,532810.75,199716.00
2024,10,Agroalimentaire,61,915,52780.05,18353.00
2024,10,BTP,54,990,40844.75,15352.00
2024,10,Jouets,57,1164,52280.10,26596.00
2024,10,Mobilier,45,793,458740.20,196357.00
2024,10,Textile,54,1086,118424.55,60137.00
2024,11,Électroménager,48,1015,538937.50,209457.00
2024,11,Électronique,45,908,427268.95,160716.00
2024,11,Agroalimentaire,42,739,45967.55,15789.00
2024,11,BTP,59,1126,43151.65,16383.00
2024,11,Jouets,49,784,33149.40,16828.00
2024,11,Mobilier,54,1021,575601.75,242979.00
2024,11,Textile,53,878,93774.85,47529.00
2024,12,Électroménager,43,896,461791.80,180262.00
2024,12,Électronique,59,960,385140.60,147696.00
2024,12,Agroalimentaire,54,1063,60593.95,21226.00
2024,12,BTP,69,1358,49037.70,18672.00
2024,12,Jouets,52,878,41103.15,20942.00
2024,12,Mobilier,57,988,573723.80,245342.00
2024,12,Textile,57,1020,110351.00,56046.00
2025,1,Électroménager,59,1204,597354.45,234208.00
2025,1,Électronique,56,1137,510500.80,193443.00
2025,1,Agroalimentaire,52,1098,56960.55,19829.00
2025,1,BTP,55,1007,42715.85,16082.00
2025,1,Jouets,52,930,43120.20,21642.00
2025,1,Mobilier,55,970,531401.30,227210.00
2025,1,Textile,65,1359,140359.10,71759.00
2025,2,Électroménager,48,755,382382.05,150503.00
2025,2,Électronique,41,781,320561.60,122613.00
2025,2,Agroalimentaire,56,1103,59307.90,21134.00
2025,2,BTP,52,864,28155.15,10493.00
2025,2,Jouets,55,980,48928.80,24608.00
2025,2,Mobilier,37,702,378457.75,159168.00
2025,2,Textile,47,845,89117.65,45626.00
2025,3,Électroménager,62,1113,533859.90,211295.00
2025,3,Électronique,59,1132,512544.70,195666.00
2025,3,Agroalimentaire,66,1250,66850.35,23914.00
2025,3,BTP,52,996,36208.50,13687.00
2025,3,Jouets,58,1080,55351.90,27412.00
2025,3,Mobilier,51,919,520068.30,222991.00
2025,3,Textile,54,1268,129259.50,66585.00
2025,4,Électroménager,62,956,468385.15,184704.00
2025,4,Électronique,67,1109,477227.50,181929.00
2025,4,Agroalimentaire,47,907,51812.65,18229.00
2025,4,BTP,61,1111,37723.45,14169.00
2025,4,Jouets,49,894,41003.25,20822.00
2025,4,Mobilier,57,1026,562090.65,239954.00
2025,4,Textile,70,1344,140142.30,71252.00
2025,5,Électroménager,40,769,419183.20,164163.00
2025,5,Électronique,53,809,319885.30,122547.00
2025,5,Agroalimentaire,53,1218,68318.75,23821.00
2025,5,BTP,45,813,31710.30,11978.00
2025,5,Jouets,44,777,36588.80,18427.00
2025,5,Mobilier,43,810,438935.65,185570.00
2025,5,Textile,56,1075,114946.85,58728.00
2025,6,Électroménager,44,799,383808.20,153077.00
2025,6,Électronique,62,947,321673.10,127365.00
2025,6,Agroalimentaire,51,998,54313.90,19049.00
2025,6,BTP,50,836,34364.30,13227.00
2025,6,Jouets,70,1312,62810.05,31620.00
2025,6,Mobilier,50,975,567373.75,242055.00
2025,6,Textile,57,982,110838.85,56177.00
2025,7,Électroménager,39,828,402966.00,158218.00
2025,7,Électronique,57,1050,447671.95,169032.00
2025,7,Agroalimentaire,41,694,36011.50,13038.00
2025,7,BTP,43,853,36211.70,13925.00
2025,7,Jouets,51,914,47851.30,23784.00
2025,7,Mobilier,49,835,467261.95,200315.00
2025,7,Textile,45,868,91853.75,46580.00
2025,8,Électroménager,40,703,368867.45,146209.00
2025,8,Électronique,38,643,265913.20,99861.00
2025,8,Agroalimentaire,46,990,52195.00,18615.00
2025,8,BTP,29,553,19225.05,7076.00
2025,8,Jouets,47,1013,45330.45,23027.00
2025,8,Mobilier,39,738,400284.30,170972.00
2025,8,Textile,44,860,94990.45,48284.00
2025,9,Électroménager,59,1008,516812.85,200710.00
2025,9,Électronique,51,922,316680.15,121494.00
2025,9,Agroalimentaire,48,844,49655.00,17204.00
2025,9,BTP,38,661,27623.40,10577.00
2025,9,Jouets,48,905,43500.40,22121.00
2025,9,Mobilier,48,855,467953.55,200305.00
2025,9,Textile,52,959,93338.75,47110.00
2025,10,Électroménager,53,1005,535701.50,210737.00
2025,10,Électronique,40,693,277944.45,105855.00
2025,10,Agroalimentaire,53,885,49123.55,17007.00
2025,10,BTP,55,1063,36743.80,13874.00
2025,10,Jouets,39,755,29630.80,15239.00
2025,10,Mobilier,56,880,543403.75,231870.00
2025,10,Textile,61,1099,116154.00,59032.00
2025,11,Électroménager,57,1098,532875.65,210520.00
2025,11,Électronique,50,793,326572.80,123753.00
2025,11,Agroalimentaire,51,900,50468.30,17582.00
2025,11,BTP,52,1030,35454.95,13437.00
2025,11,Jouets,56,1013,43655.75,22465.00
2025,11,Mobilier,53,1067,577191.30,244433.00
2025,11,Textile,48,918,107686.40,54908.00
2025,12,Électroménager,52,981,483414.55,189289.00
2025,12,Électronique,55,1063,460778.45,174033.00
2025,12,Agroalimentaire,62,999,53320.30,18606.00
2025,12,BTP,59,1091,43899.20,16773.00
2025,12,Jouets,49,955,41103.20,21177.00
2025,12,Mobilier,48,940,528108.70,224580.00
2025,12,Textile,53,1060,106693.85,55006.00
2026,1,Électroménager,48,1005,498557.15,193969.00
2026,1,Électronique,46,838,302675.00,117174.00
2026,1,Agroalimentaire,66,1227,69052.85,24054.00
2026,1,BTP,42,748,23163.95,8690.00
2026,1,Jouets,58,1165,54867.50,27585.00
2026,1,Mobilier,66,1277,764392.60,326313.00
2026,1,Textile,44,780,78818.85,40149.00
2026,2,Électroménager,47,900,459937.75,180998.00
2026,2,Électronique,56,970,347342.25,133368.00
2026,2,Agroalimentaire,50,922,52681.05,18461.00
2026,2,BTP,48,828,35961.00,13644.00
2026,2,Jouets,50,942,43340.50,22296.00
2026,2,Mobilier,41,729,396777.75,167331.00
2026,2,Textile,47,978,109664.65,55433.00
2026,3,Électroménager,60,1188,586706.55,232704.00
2026,3,Électronique,55,962,319669.65,122562.00
2026,3,Agroalimentaire,53,964,54632.70,19130.00
2026,3,BTP,47,984,44926.90,17016.00
2026,3,Jouets,54,1013,44052.20,22329.00
2026,3,Mobilier,50,768,461923.75,195052.00
2026,3,Textile,51,1024,100570.95,51664.00
2026,4,Électroménager,47,862,503788.30,198328.00
2026,4,Électronique,54,989,457850.00,171633.00
2026,4,Agroalimentaire,49,964,56036.10,19674.00
2026,4,BTP,56,977,38401.20,14617.00
2026,4,Jouets,59,1091,50420.40,25667.00
2026,4,Mobilier,59,1157,654539.05,278703.00
2026,4,Textile,55,880,90656.60,46306.00
2026,5,Électroménager,48,968,478170.70,187624.00
2026,5,Électronique,52,1097,444606.45,168921.00
2026,5,Agroalimentaire,44,814,44121.50,15682.00
2026,5,BTP,46,771,32348.00,12609.00
2026,5,Jouets,57,930,43221.70,21738.00
2026,5,Mobilier,44,894,507280.30,217696.00
2026,5,Textile,45,972,112033.80,56361.00
2026,6,Électroménager,36,592,281170.55,111682.00
2026,6,Électronique,49,1068,469837.15,175218.00
2026,6,Agroalimentaire,56,921,50094.20,17420.00
2026,6,BTP,42,679,25545.50,9735.00
2026,6,Jouets,41,895,46125.10,23085.00
2026,6,Mobilier,50,868,478502.60,205522.00
2026,6,Textile,50,883,100816.35,50761.00
2026,7,Électroménager,44,827,381437.90,148817.00
2026,7,Électronique,53,920,417192.35,156096.00
2026,7,Agroalimentaire,52,997,53107.60,19091.00
2026,7,BTP,45,728,24908.60,9561.00
2026,7,Jouets,48,991,47220.60,24087.00
2026,7,Mobilier,63,1229,654789.50,279551.00
2026,7,Textile,50,852,100500.90,51377.00
2026,8,Électroménager,49,775,413208.75,162793.00
2026,8,Électronique,62,1184,508811.30,193614.00
2026,8,Agroalimentaire,54,1025,58880.10,20525.00
2026,8,BTP,58,1156,54516.05,20855.00
2026,8,Jouets,47,841,39281.15,19751.00
2026,8,Mobilier,55,1019,579938.40,248251.00
2026,8,Textile,55,1095,115737.80,59119.00
2026,9,Électroménager,52,1066,597357.05,236176.00
2026,9,Électronique,55,1179,485455.10,184479.00
2026,9,Agroalimentaire,43,686,38792.40,13576.00
2026,9,BTP,56,999,36350.15,13747.00
2026,9,Jouets,60,1251,55356.65,28363.00
2026,9,Mobilier,46,822,467761.65,201578.00
2026,9,Textile,49,986,108876.30,55514.00
2026,10,Électroménager,54,1063,539065.45,211627.00
2026,10,Électronique,54,1152,469333.20,180012.00
2026,10,Agroalimentaire,55,1060,54924.80,19636.00
2026,10,BTP,52,904,41118.55,15565.00
2026,10,Jouets,48,938,41777.95,21372.00
2026,10,Mobilier,49,794,440498.95,189296.00
2026,10,Textile,54,1051,106419.20,54912.00
2026,11,Électroménager,46,900,409997.75,162050.00
2026,11,Électronique,54,1028,448968.55,168588.00
2026,11,Agroalimentaire,57,1016,52992.90,18398.00
2026,11,BTP,50,824,33245.70,12702.00
2026,11,Jouets,64,1262,56975.10,29160.00
2026,11,Mobilier,67,1221,697872.10,297559.00
2026,11,Textile,55,1044,113324.45,56790.00
2026,12,Électroménager,47,988,517141.65,204200.00
2026,12,Électronique,40,867,306337.05,117957.00
2026,12,Agroalimentaire,44,925,54444.00,18663.00
2026,12,BTP,45,784,32135.60,12289.00
2026,12,Jouets,61,1036,50164.90,24968.00
2026,12,Mobilier,53,918,515227.00,220882.00
2026,12,Textile,50,817,93738.80,47339.00
2027,1,Électroménager,53,1003,539972.55,212473.00
2027,1,Électronique,52,1057,405555.85,155019.00
2027,1,Agroalimentaire,54,965,58030.05,20016.00
2027,1,BTP,55,1007,46236.15,17408.00
2027,1,Jouets,52,854,39553.40,19998.00
2027,1,Mobilier,53,856,464829.95,199144.00
2027,1,Textile,49,827,99847.20,49463.00
2027,2,Électroménager,45,718,334722.65,132350.00
2027,2,Électronique,50,1142,432933.70,167388.00
2027,2,Agroalimentaire,51,878,49613.55,17255.00
2027,2,BTP,54,917,37036.75,13991.00
2027,2,Jouets,49,946,50594.30,25330.00
2027,2,Mobilier,48,1108,649247.75,277172.00
2027,2,Textile,56,960,105289.45,53546.00
2027,3,Électroménager,50,870,436895.25,172588.00
2027,3,Électronique,47,805,304954.45,117591.00
2027,3,Agroalimentaire,48,940,49422.55,17427.00
2027,3,BTP,57,1068,54692.95,20549.00
2027,3,Jouets,57,1017,45441.20,22931.00
2027,3,Mobilier,53,961,527751.10,225219.00
2027,3,Textile,55,1077,124545.80,62465.00
2027,4,Électroménager,52,989,488297.30,192635.00
2027,4,Électronique,53,1122,547787.90,203658.00
2027,4,Agroalimentaire,44,906,43458.65,15442.00
2027,4,BTP,42,737,22408.40,8345.00
2027,4,Jouets,34,690,28444.20,14474.00
2027,4,Mobilier,38,737,444959.10,190533.00
2027,4,Textile,38,703,75728.20,38244.00
2027,5,Électroménager,53,1028,512919.65,203132.00
2027,5,Électronique,51,833,339228.35,129417.00
2027,5,Agroalimentaire,51,966,46981.90,17027.00
2027,5,BTP,62,1091,47595.25,18026.00
2027,5,Jouets,54,1066,51518.70,25730.00
2027,5,Mobilier,54,964,546961.15,235206.00
2027,5,Textile,54,1024,101544.15,52364.00
2027,6,Électroménager,46,818,390584.35,154170.00
2027,6,Électronique,50,961,387451.70,149295.00
2027,6,Agroalimentaire,50,857,52098.65,18178.00
2027,6,BTP,59,924,34822.75,13188.00
2027,6,Jouets,59,1230,58098.45,29358.00
2027,6,Mobilier,49,1065,588905.75,252315.00
2027,6,Textile,54,1215,130289.75,65698.00
2027,7,Électroménager,50,820,404303.70,158308.00
2027,7,Électronique,48,741,287522.85,109329.00
2027,7,Agroalimentaire,51,964,51692.30,18155.00
2027,7,BTP,43,953,38722.20,14530.00
2027,7,Jouets,49,970,40311.85,20516.00
2027,7,Mobilier,42,845,501779.60,217705.00
2027,7,Textile,33,516,55661.25,28729.00
2027,8,Électroménager,51,883,450944.70,179055.00
2027,8,Électronique,51,919,333551.85,128967.00
2027,8,Agroalimentaire,66,1188,68430.85,23683.00
2027,8,BTP,58,1078,37779.90,14219.00
2027,8,Jouets,66,1453,60506.45,31373.00
2027,8,Mobilier,56,1098,611284.25,261312.00
2027,8,Textile,53,1082,117183.85,59320.00
2027,9,Électroménager,52,830,434440.25,170722.00
2027,9,Électronique,48,939,396412.35,151245.00
2027,9,Agroalimentaire,45,854,44689.20,15877.00
2027,9,BTP,55,889,38366.65,14485.00
2027,9,Jouets,48,944,41311.45,21218.00
2027,9,Mobilier,52,1071,599322.75,259109.00
2027,9,Textile,46,811,86352.70,44243.00
2027,10,Électroménager,50,916,481421.50,187392.00
2027,10,Électronique,58,1053,463157.40,175287.00
2027,10,Agroalimentaire,58,1088,61209.50,21801.00
2027,10,BTP,60,1063,51851.30,19572.00
2027,10,Jouets,54,1039,49726.55,24651.00
2027,10,Mobilier,54,1023,550962.70,234767.00
2027,10,Textile,61,1201,126708.40,64873.00
2027,11,Électroménager,60,1116,615024.20,240092.00
2027,11,Électronique,48,876,352146.50,134028.00
2027,11,Agroalimentaire,56,1163,65410.85,23201.00
2027,11,BTP,50,982,42100.90,16022.00
2027,11,Jouets,51,985,46987.75,23463.00
2027,11,Mobilier,63,1152,657278.15,281408.00
2027,11,Textile,59,1011,104838.40,53763.00
2027,12,Électroménager,43,714,369457.20,145302.00
2027,12,Électronique,52,961,480705.70,177669.00
2027,12,Agroalimentaire,64,1054,65721.05,22678.00
2027,12,BTP,49,812,37620.40,14257.00
2027,12,Jouets,59,1028,49980.20,25100.00
2027,12,Mobilier,70,1321,795602.05,338439.00
2027,12,Textile,59,1358,151519.00,76526.00
