annee,mois,departement,nb_employes_payes,masse_salariale_brute,total_primes,total_impots,total_cotisations,masse_salariale_nette
2024,1,Direction Générale,9,19658.79,814.00,3643.13,1769.30,14246.36
2024,1,Finance & Comptabilité,5,9217.77,510.50,1621.70,829.60,6766.47
2024,1,Informatique (IT),11,19433.38,1316.86,3306.65,1749.03,14377.70
2024,1,Juridique,15,34340.70,1445.19,5744.92,3090.65,25505.13
2024,1,Logistique,9,16671.66,1416.89,3213.76,1500.46,11957.44
2024,1,Production,8,17668.32,1666.14,2726.59,1590.16,13351.57
2024,1,Recherche & Développement,11,22139.74,2103.16,3466.76,1992.59,16680.39
2024,1,Ressources Humaines,7,12805.52,984.45,2191.53,1152.49,9461.50
2024,1,Support Client,10,14866.54,1076.28,2657.82,1337.98,10870.74
2024,1,Ventes & Marketing,8,13847.75,947.13,2501.94,1246.32,10099.49
2024,2,Direction Générale,9,21517.78,2672.99,3870.78,1936.59,15710.41
2024,2,Finance & Comptabilité,5,9256.59,549.32,1554.48,833.09,6869.02
2024,2,Informatique (IT),11,19130.79,1014.27,2806.53,1721.77,14602.49
2024,2,Juridique,15,35577.11,2681.60,5302.56,3201.95,27072.60
2024,2,Logistique,9,16222.19,967.42,2706.40,1460.00,12055.79
2024,2,Production,8,17615.87,1613.69,2913.14,1585.42,13117.31
2024,2,Recherche & Développement,11,21283.26,1246.68,3500.18,1915.48,15867.60
2024,2,Ressources Humaines,7,12723.31,902.24,2404.44,1145.09,9173.78
2024,2,Support Client,10,15267.93,1477.67,2623.04,1374.12,11270.77
2024,2,Ventes & Marketing,8,13344.64,444.02,2695.21,1201.03,9448.40
2024,3,Direction Générale,9,20510.72,1665.93,3711.03,1845.96,14953.73
2024,3,Finance & Comptabilité,5,9848.43,1141.16,1726.96,886.35,7235.12
2024,3,Informatique (IT),11,19149.90,1033.38,2947.51,1723.49,14478.90
2024,3,Juridique,15,36229.38,3333.87,6108.75,3260.63,26860.00
2024,3,Logistique,9,16848.31,1593.54,3083.67,1516.35,12248.29
2024,3,Production,8,17457.25,1455.07,2943.31,1571.14,12942.80
2024,3,Recherche & Développement,11,21731.80,1695.22,4153.83,1955.84,15622.13
2024,3,Ressources Humaines,7,12581.84,760.77,2655.99,1132.36,8793.49
2024,3,Support Client,10,14652.82,862.56,2092.16,1318.76,11241.90
2024,3,Ventes & Marketing,8,14216.76,1316.14,2399.48,1279.52,10537.76
2024,4,Direction Générale,9,19522.26,677.47,3370.76,1757.00,14394.50
2024,4,Finance & Comptabilité,5,9477.42,770.15,1622.65,852.97,7001.80
2024,4,Informatique (IT),11,19740.19,1623.67,4232.11,1776.61,13731.47
2024,4,Juridique,15,35673.26,2777.75,6869.72,3210.59,25592.95
2024,4,Logistique,9,16582.22,1327.45,3079.33,1492.41,12010.48
2024,4,Production,8,17534.18,1532.00,2565.51,1578.07,13390.60
2024,4,Recherche & Développement,11,22567.75,2531.17,3570.98,2031.11,16965.66
2024,4,Ressources Humaines,7,12457.92,636.85,1891.91,1121.21,9444.80
2024,4,Support Client,10,14414.78,624.52,2564.53,1297.33,10552.92
2024,4,Ventes & Marketing,8,14088.71,1188.09,2510.90,1268.00,10309.81
2024,5,Direction Générale,9,20676.85,1832.06,3933.06,1860.91,14882.88
2024,5,Finance & Comptabilité,5,9420.68,713.41,1690.57,847.86,6882.25
2024,5,Informatique (IT),11,19621.99,1505.47,2890.30,1765.97,14965.72
2024,5,Juridique,15,35479.13,2583.62,6219.21,3193.12,26066.80
2024,5,Logistique,9,16031.80,777.03,2770.87,1442.87,11818.06
2024,5,Production,8,17023.78,1021.60,2541.76,1532.14,12949.88
2024,5,Recherche & Développement,11,22412.88,2376.30,3688.89,2017.15,16706.84
2024,5,Ressources Humaines,7,12462.83,641.76,1964.74,1121.64,9376.45
2024,5,Support Client,10,14624.91,834.65,2538.36,1316.24,10770.31
2024,5,Ventes & Marketing,8,13763.70,863.08,2302.14,1238.75,10222.81
2024,6,Direction Générale,9,20362.38,1517.59,2829.01,1832.61,15700.76
2024,6,Finance & Comptabilité,5,9612.64,905.37,1540.41,865.14,7207.09
2024,6,Informatique (IT),11,19719.41,1602.89,3988.31,1774.76,13956.34
2024,6,Juridique,15,34942.58,2047.07,6306.38,3144.83,25491.37
2024,6,Logistique,9,17134.87,1880.10,2688.03,1542.14,12904.70
2024,6,Production,8,16239.00,236.82,3015.44,1461.49,11762.07
2024,6,Recherche & Développement,11,21844.37,1807.79,3624.93,1965.98,16253.46
2024,6,Ressources Humaines,7,13255.45,1434.38,1942.38,1192.98,10120.09
2024,6,Support Client,10,14669.58,879.32,2724.14,1320.25,10625.19
2024,6,Ventes & Marketing,8,14312.10,1411.48,2504.85,1288.10,10519.15
2024,7,Direction Générale,9,20713.65,1868.86,4084.24,1864.22,14765.19
2024,7,Finance & Comptabilité,5,9663.19,955.92,2081.81,869.69,6711.69
2024,7,Informatique (IT),11,20055.29,1938.77,3764.85,1804.97,14485.47
2024,7,Juridique,15,36097.91,3202.40,6769.65,3248.81,26079.45
2024,7,Logistique,9,16743.69,1488.92,3135.06,1506.94,12101.69
2024,7,Production,8,16748.08,745.90,3078.03,1507.31,12162.74
2024,7,Recherche & Développement,11,21638.88,1602.30,2926.29,1947.49,16765.10
2024,7,Ressources Humaines,7,12548.51,727.44,2159.91,1129.36,9259.24
2024,7,Support Client,10,14573.71,783.45,2225.73,1311.64,11036.34
2024,7,Ventes & Marketing,8,14087.19,1186.57,2370.13,1267.85,10449.21
2024,8,Direction Générale,9,20905.55,2060.76,2840.59,1881.49,16183.47
2024,8,Finance & Comptabilité,5,9242.94,535.67,1416.93,831.86,6994.15
2024,8,Informatique (IT),11,19175.15,1058.63,3320.19,1725.76,14129.20
2024,8,Juridique,15,35433.65,2538.14,5750.60,3189.02,26494.03
2024,8,Logistique,9,16535.23,1280.46,2661.62,1488.17,12385.44
2024,8,Production,8,17502.44,1500.26,3357.54,1575.21,12569.69
2024,8,Recherche & Développement,11,21472.87,1436.29,4465.06,1932.55,15075.26
2024,8,Ressources Humaines,7,12620.58,799.51,2428.16,1135.85,9056.57
2024,8,Support Client,10,14748.98,958.72,2900.77,1327.41,10520.80
2024,8,Ventes & Marketing,8,13881.11,980.49,2756.19,1249.30,9875.62
2024,9,Direction Générale,9,21239.89,2395.10,3853.81,1911.61,15474.47
2024,9,Finance & Comptabilité,5,9580.54,873.27,1639.81,862.26,7078.47
2024,9,Informatique (IT),11,19751.94,1635.42,2858.01,1777.68,15116.25
2024,9,Juridique,15,35198.38,2302.87,6383.16,3167.85,25647.37
2024,9,Logistique,9,16985.06,1730.29,3162.61,1528.66,12293.79
2024,9,Production,8,18185.37,2183.19,2998.74,1636.69,13549.94
2024,9,Recherche & Développement,11,22019.31,1982.73,3163.95,1981.74,16873.62
2024,9,Ressources Humaines,7,13014.35,1193.28,1895.36,1171.29,9947.70
2024,9,Support Client,10,15192.35,1402.09,2644.00,1367.31,11181.04
2024,9,Ventes & Marketing,8,13698.65,798.03,2437.66,1232.89,10028.10
2024,10,Direction Générale,9,21224.07,2379.28,3808.05,1910.17,15505.85
2024,10,Finance & Comptabilité,5,9619.38,912.11,1891.10,865.74,6862.54
2024,10,Informatique (IT),11,19972.34,1855.82,3235.48,1797.52,14939.34
2024,10,Juridique,15,36070.06,3174.55,6478.75,3246.30,26345.01
2024,10,Logistique,9,16460.78,1206.01,2751.24,1481.47,12228.07
2024,10,Production,8,16664.08,661.90,2692.21,1499.76,12472.11
2024,10,Recherche & Développement,11,22803.49,2766.91,4344.19,2052.32,16406.98
2024,10,Ressources Humaines,7,12497.41,676.34,2046.81,1124.77,9325.83
2024,10,Support Client,10,14869.62,1079.36,2416.02,1338.27,11115.33
2024,10,Ventes & Marketing,8,14361.59,1460.97,2416.26,1292.55,10652.78
2024,11,Direction Générale,9,19655.34,810.55,3962.58,1768.98,13923.78
2024,11,Finance & Comptabilité,5,9577.76,870.49,1856.70,862.00,6859.06
2024,11,Informatique (IT),11,19242.32,1125.80,3489.01,1731.80,14021.51
2024,11,Juridique,15,35351.90,2456.39,5867.38,3181.67,26302.85
2024,11,Logistique,9,16134.82,880.05,2843.41,1452.14,11839.27
2024,11,Production,8,17712.45,1710.27,3263.74,1594.12,12854.59
2024,11,Recherche & Développement,11,21114.73,1078.15,3213.33,1900.34,16001.06
2024,11,Ressources Humaines,7,13211.77,1390.70,2772.26,1189.05,9250.46
2024,11,Support Client,10,14655.31,865.05,2543.26,1318.99,10793.06
2024,11,Ventes & Marketing,8,14045.81,1145.19,2402.11,1264.12,10379.58
2024,12,Direction Générale,9,20768.17,1923.38,3108.45,1869.12,15790.60
2024,12,Finance & Comptabilité,5,9640.30,933.03,1397.10,867.63,7375.57
2024,12,Informatique (IT),11,19056.81,940.29,3326.90,1715.11,14014.80
2024,12,Juridique,15,35133.08,2237.57,5578.80,3161.98,26392.30
2024,12,Logistique,9,16819.92,1565.15,2847.04,1513.79,12459.09
2024,12,Production,8,17349.64,1347.46,3144.79,1561.47,12643.38
2024,12,Recherche & Développement,11,21341.76,1305.18,4113.78,1920.75,15307.23
2024,12,Ressources Humaines,7,12819.53,998.46,2088.88,1153.75,9576.90
2024,12,Support Client,10,14675.07,884.81,2222.20,1320.76,11132.11
2024,12,Ventes & Marketing,8,13861.81,961.19,2292.55,1247.58,10321.68
2025,1,Direction Générale,9,20584.36,1739.57,3242.20,1852.61,15489.55
2025,1,Finance & Comptabilité,5,9393.27,686.00,1839.64,845.39,6708.24
2025,1,Informatique (IT),11,19176.92,1060.40,3410.14,1725.93,14040.85
2025,1,Juridique,15,35606.02,2710.51,7017.08,3204.53,25384.41
2025,1,Logistique,9,16785.09,1530.32,2872.63,1510.67,12401.79
2025,1,Production,8,17648.95,1646.77,2693.97,1588.40,13366.58
2025,1,Recherche & Développement,11,21474.37,1437.79,3868.97,1932.69,15672.71
2025,1,Ressources Humaines,7,12780.69,959.62,1826.31,1150.26,9804.12
2025,1,Support Client,10,14935.14,1144.88,2287.21,1344.16,11303.77
2025,1,Ventes & Marketing,8,13341.25,440.63,2428.42,1200.73,9712.10
2025,2,Direction Générale,9,20315.07,1470.28,3384.67,1828.36,15102.04
2025,2,Finance & Comptabilité,5,9592.98,885.71,1807.37,863.37,6922.24
2025,2,Informatique (IT),11,19242.90,1126.38,2971.38,1731.86,14539.66
2025,2,Juridique,15,36227.01,3331.50,6056.29,3260.45,26910.27
2025,2,Logistique,9,17126.65,1871.88,2960.44,1541.41,12624.80
2025,2,Production,8,17605.32,1603.14,3132.31,1584.49,12888.52
2025,2,Recherche & Développement,11,21203.06,1166.48,4246.53,1908.29,15048.24
2025,2,Ressources Humaines,7,12444.48,623.41,2464.70,1120.01,8859.77
2025,2,Support Client,10,15587.60,1797.34,2283.33,1402.88,11901.39
2025,2,Ventes & Marketing,8,13646.63,746.01,2484.36,1228.20,9934.07
2025,3,Direction Générale,9,20644.11,1799.32,4207.18,1857.98,14578.95
2025,3,Finance & Comptabilité,5,9329.98,622.71,1857.07,839.71,6633.20
2025,3,Informatique (IT),11,19797.65,1681.13,3343.42,1781.77,14672.46
2025,3,Juridique,15,36475.57,3580.06,6194.01,3282.79,26998.77
2025,3,Logistique,9,16549.62,1294.85,3155.70,1489.46,11904.46
2025,3,Production,8,18213.72,2211.54,2696.89,1639.24,13877.59
2025,3,Recherche & Développement,11,21505.26,1468.68,3410.52,1935.47,16159.27
2025,3,Ressources Humaines,7,13055.77,1234.70,2112.98,1175.02,9767.77
2025,3,Support Client,10,14873.37,1083.11,2573.01,1338.61,10961.75
2025,3,Ventes & Marketing,8,13811.55,910.93,2361.88,1243.05,10206.62
2025,4,Direction Générale,9,21091.60,2246.81,4219.64,1898.26,14973.70
2025,4,Finance & Comptabilité,5,9840.89,1133.62,1729.17,885.68,7226.04
2025,4,Informatique (IT),11,19098.17,981.65,2828.41,1718.84,14550.92
2025,4,Juridique,15,35499.81,2604.30,7150.32,3195.00,25154.49
2025,4,Logistique,9,15930.26,675.49,2450.21,1433.73,12046.32
2025,4,Production,8,16961.12,958.94,2662.14,1526.50,12772.48
2025,4,Recherche & Développement,11,21033.14,996.56,3681.72,1892.97,15458.45
2025,4,Ressources Humaines,7,13127.91,1306.84,2419.95,1181.52,9526.44
2025,4,Support Client,10,14684.57,894.31,2823.69,1321.60,10539.28
2025,4,Ventes & Marketing,8,13996.25,1095.63,2531.30,1259.67,10205.28
2025,5,Direction Générale,9,21025.55,2180.76,3356.90,1892.29,15776.36
2025,5,Finance & Comptabilité,5,9567.92,860.65,1966.30,861.11,6740.51
2025,5,Informatique (IT),11,20008.33,1891.81,3734.68,1800.75,14472.90
2025,5,Juridique,15,36358.44,3462.93,6661.76,3272.26,26424.42
2025,5,Logistique,9,16483.50,1228.73,3224.70,1483.51,11775.29
2025,5,Production,8,17211.52,1209.34,2743.12,1549.03,12919.37
2025,5,Recherche & Développement,11,21962.87,1926.29,3798.96,1976.66,16187.25
2025,5,Ressources Humaines,7,12727.40,906.33,2081.43,1145.46,9500.51
2025,5,Support Client,10,14665.91,875.65,2968.42,1319.93,10377.56
2025,5,Ventes & Marketing,8,13564.62,664.00,2319.04,1220.81,10024.77
2025,6,Direction Générale,9,19516.55,671.76,3441.43,1756.49,14318.63
2025,6,Finance & Comptabilité,5,9802.06,1094.79,1127.29,882.19,7792.58
2025,6,Informatique (IT),11,20127.89,2011.37,3986.76,1811.51,14329.62
2025,6,Juridique,15,36026.01,3130.50,6289.45,3242.33,26494.23
2025,6,Logistique,9,16554.39,1299.62,2935.12,1489.90,12129.37
2025,6,Production,8,18148.89,2146.71,3399.36,1633.40,13116.13
2025,6,Recherche & Développement,11,20773.67,737.09,4036.97,1869.61,14867.09
2025,6,Ressources Humaines,7,12643.06,821.99,2039.25,1137.89,9465.92
2025,6,Support Client,10,14730.64,940.38,2521.44,1325.76,10883.44
2025,6,Ventes & Marketing,8,14077.26,1176.64,2344.29,1266.95,10466.02
2025,7,Direction Générale,9,19641.06,796.27,3363.77,1767.70,14509.59
2025,7,Finance & Comptabilité,5,9332.07,624.80,1748.88,839.89,6743.30
2025,7,Informatique (IT),11,19420.78,1304.26,2894.84,1747.87,14778.07
2025,7,Juridique,15,35684.45,2788.94,6267.00,3211.59,26205.86
2025,7,Logistique,9,16149.78,895.01,2864.42,1453.49,11831.87
2025,7,Production,8,17636.91,1634.73,3275.58,1587.31,12774.02
2025,7,Recherche & Développement,11,21048.76,1012.18,3606.88,1894.37,15547.51
2025,7,Ressources Humaines,7,13242.95,1421.88,1967.92,1191.86,10083.17
2025,7,Support Client,10,14746.60,956.34,2331.84,1327.20,11087.56
2025,7,Ventes & Marketing,8,13821.76,921.14,2034.53,1243.96,10543.27
2025,8,Direction Générale,9,20507.14,1662.35,3640.56,1845.64,15020.94
2025,8,Finance & Comptabilité,5,8834.16,126.89,1499.25,795.08,6539.83
2025,8,Informatique (IT),11,19336.64,1220.12,3165.72,1740.30,14430.62
2025,8,Juridique,15,36229.86,3334.35,6490.54,3260.66,26478.66
2025,8,Logistique,9,16307.82,1053.05,3171.82,1467.70,11668.30
2025,8,Production,8,17234.93,1232.75,2521.55,1551.13,13162.25
2025,8,Recherche & Développement,11,21073.01,1036.43,3916.56,1896.56,15259.89
2025,8,Ressources Humaines,7,12141.98,320.91,2087.23,1092.77,8961.98
2025,8,Support Client,10,15657.69,1867.43,2327.08,1409.19,11921.42
2025,8,Ventes & Marketing,8,13928.10,1027.48,2227.16,1253.53,10447.41
2025,9,Direction Générale,9,20306.78,1461.99,3376.39,1827.60,15102.79
2025,9,Finance & Comptabilité,5,9024.93,317.66,1512.42,812.24,6700.27
2025,9,Informatique (IT),11,20055.11,1938.59,3462.13,1804.96,14788.02
2025,9,Juridique,15,35304.36,2408.85,5848.40,3177.39,26278.57
2025,9,Logistique,9,16945.79,1691.02,2624.78,1525.11,12795.90
2025,9,Production,8,16791.78,789.60,2780.29,1511.25,12500.24
2025,9,Recherche & Développement,11,22496.85,2460.27,4179.36,2024.71,16292.78
2025,9,Ressources Humaines,7,12710.30,889.23,2762.20,1143.91,8804.19
2025,9,Support Client,10,15126.34,1336.08,2907.82,1361.36,10857.16
2025,9,Ventes & Marketing,8,14524.75,1624.13,2215.94,1307.23,11001.58
2025,10,Direction Générale,9,21334.61,2489.82,4193.99,1920.13,15220.49
2025,10,Finance & Comptabilité,5,9567.82,860.55,1980.75,861.11,6725.96
2025,10,Informatique (IT),11,20300.58,2184.06,3568.38,1827.06,14905.14
2025,10,Juridique,15,36808.99,3913.48,6678.47,3312.81,26817.71
2025,10,Logistique,9,16440.39,1185.62,3012.65,1479.64,11948.10
2025,10,Production,8,17586.22,1584.04,2864.90,1582.75,13138.57
2025,10,Recherche & Développement,11,22173.56,2136.98,4144.28,1995.62,16033.66
2025,10,Ressources Humaines,7,12601.25,780.18,2280.07,1134.11,9187.07
2025,10,Support Client,10,14787.90,997.64,2465.10,1330.90,10991.90
2025,10,Ventes & Marketing,8,13686.79,786.17,2497.13,1231.82,9957.84
2025,11,Direction Générale,9,19795.14,950.35,3108.96,1781.55,14904.63
2025,11,Finance & Comptabilité,5,8910.56,203.29,1360.42,801.95,6748.19
2025,11,Informatique (IT),11,20279.33,2162.81,3218.28,1825.13,15235.92
2025,11,Juridique,15,36569.21,3673.70,6488.38,3291.22,26789.61
2025,11,Logistique,9,16584.34,1329.57,2746.41,1492.61,12345.32
2025,11,Production,8,16722.40,720.22,3281.20,1505.01,11936.19
2025,11,Recherche & Développement,11,21119.37,1082.79,3335.88,1900.74,15882.75
2025,11,Ressources Humaines,7,13223.58,1402.51,2165.44,1190.12,9868.02
2025,11,Support Client,10,15183.86,1393.60,2745.69,1366.55,11071.62
2025,11,Ventes & Marketing,8,13795.49,894.87,2425.12,1241.59,10128.78
2025,12,Direction Générale,9,20781.48,1936.69,3565.40,1870.33,15345.75
2025,12,Finance & Comptabilité,5,9295.68,588.41,1769.01,836.60,6690.07
2025,12,Informatique (IT),11,19786.69,1670.17,3746.87,1780.81,14259.01
2025,12,Juridique,15,35587.93,2692.42,5605.57,3202.90,26779.46
2025,12,Logistique,9,16320.41,1065.64,2862.52,1468.84,11989.05
2025,12,Production,8,16498.75,496.57,2760.42,1484.87,12253.46
2025,12,Recherche & Développement,11,21434.18,1397.60,3493.84,1929.07,16011.27
2025,12,Ressources Humaines,7,12780.45,959.38,2003.93,1150.23,9626.29
2025,12,Support Client,10,14900.61,1110.35,2666.81,1341.06,10892.74
2025,12,Ventes & Marketing,8,14059.44,1158.82,2604.16,1265.35,10189.93
2026,1,Direction Générale,9,21036.17,2191.38,3843.48,1893.25,15299.44
2026,1,Finance & Comptabilité,5,9439.93,732.66,1347.06,849.60,7243.27
2026,1,Informatique (IT),11,20065.06,1948.54,3854.48,1805.86,14404.72
2026,1,Juridique,15,36230.43,3334.92,6540.00,3260.74,26429.69
2026,1,Logistique,9,17166.83,1912.06,3194.96,1545.02,12426.85
2026,1,Production,8,17320.54,1318.36,2995.14,1558.83,12766.57
2026,1,Recherche & Développement,11,21304.30,1267.72,3644.52,1917.37,15742.41
2026,1,Ressources Humaines,7,12704.92,883.85,2411.16,1143.42,9150.34
2026,1,Support Client,10,14804.53,1014.27,2397.41,1332.41,11074.71
2026,1,Ventes & Marketing,8,14246.10,1345.48,2919.20,1282.16,10044.74
2026,2,Direction Générale,9,21065.01,2220.22,3801.65,1895.84,15367.52
2026,2,Finance & Comptabilité,5,9249.50,542.23,1859.82,832.45,6557.23
2026,2,Informatique (IT),11,19944.49,1827.97,3308.11,1795.01,14841.37
2026,2,Juridique,15,35609.30,2713.79,6407.21,3204.83,25997.26
2026,2,Logistique,9,15869.94,615.17,3048.93,1428.30,11392.71
2026,2,Production,8,17473.57,1471.39,2729.49,1572.61,13171.47
2026,2,Recherche & Développement,11,21049.73,1013.15,3903.11,1894.46,15252.16
2026,2,Ressources Humaines,7,12870.47,1049.40,2223.02,1158.34,9489.11
2026,2,Support Client,10,14522.51,732.25,2549.05,1307.03,10666.43
2026,2,Ventes & Marketing,8,14281.31,1380.69,2383.92,1285.33,10612.06
2026,3,Direction Générale,9,20749.41,1904.62,3270.96,1867.45,15611.00
2026,3,Finance & Comptabilité,5,9636.88,929.61,1456.43,867.33,7313.12
2026,3,Informatique (IT),11,18595.14,478.62,3102.73,1673.58,13818.83
2026,3,Juridique,15,33816.12,920.61,6271.74,3043.44,24500.94
2026,3,Logistique,9,17090.94,1836.17,2797.38,1538.19,12755.37
2026,3,Production,8,17246.09,1243.91,2955.40,1552.14,12738.55
2026,3,Recherche & Développement,11,21898.86,1862.28,3642.75,1970.88,16285.23
2026,3,Ressources Humaines,7,12985.15,1164.08,2233.93,1168.67,9582.55
2026,3,Support Client,10,14733.28,943.02,2550.98,1325.99,10856.31
2026,3,Ventes & Marketing,8,13861.79,961.17,2609.50,1247.58,10004.71
2026,4,Direction Générale,9,20396.40,1551.61,3264.97,1835.68,15295.75
2026,4,Finance & Comptabilité,5,9936.01,1228.74,1978.39,894.24,7063.38
2026,4,Informatique (IT),11,19615.92,1499.40,3819.77,1765.42,14030.73
2026,4,Juridique,15,35278.24,2382.73,5334.42,3175.04,26768.78
2026,4,Logistique,9,16650.89,1396.12,3095.21,1498.58,12057.10
2026,4,Production,8,18218.18,2216.00,2658.16,1639.62,13920.40
2026,4,Recherche & Développement,11,22767.69,2731.11,4421.86,2049.08,16296.75
2026,4,Ressources Humaines,7,12563.43,742.36,2292.62,1130.70,9140.11
2026,4,Support Client,10,14430.04,639.78,2320.70,1298.71,10810.63
2026,4,Ventes & Marketing,8,13648.92,748.30,2394.86,1228.41,10025.65
2026,5,Direction Générale,9,20011.21,1166.42,3404.43,1801.02,14805.76
2026,5,Finance & Comptabilité,5,9534.82,827.55,1716.18,858.14,6960.50
2026,5,Informatique (IT),11,19743.05,1626.53,3221.88,1776.87,14744.30
2026,5,Juridique,15,36033.01,3137.50,6152.99,3242.97,26637.05
2026,5,Logistique,9,16838.09,1583.32,3046.89,1515.43,12275.77
2026,5,Production,8,17402.28,1400.10,3230.51,1566.19,12605.58
2026,5,Recherche & Développement,11,21160.87,1124.29,3685.03,1904.47,15571.37
2026,5,Ressources Humaines,7,12829.53,1008.46,2450.86,1154.65,9224.02
2026,5,Support Client,10,14433.63,643.37,2578.07,1299.02,10556.54
2026,5,Ventes & Marketing,8,13950.89,1050.27,2614.13,1255.58,10081.18
2026,6,Direction Générale,9,19659.20,814.41,3414.29,1769.33,14475.58
2026,6,Finance & Comptabilité,5,9563.66,856.39,1800.91,860.73,6902.02
2026,6,Informatique (IT),11,19976.08,1859.56,3286.67,1797.85,14891.56
2026,6,Juridique,15,35374.52,2479.01,5946.90,3183.69,26243.93
2026,6,Logistique,9,17046.26,1791.49,2859.61,1534.16,12652.49
2026,6,Production,8,16712.12,709.94,3353.67,1504.08,11854.37
2026,6,Recherche & Développement,11,21722.99,1686.41,3924.32,1955.07,15843.60
2026,6,Ressources Humaines,7,12504.86,683.79,2380.18,1125.43,8999.25
2026,6,Support Client,10,14360.94,570.68,2686.34,1292.48,10382.12
2026,6,Ventes & Marketing,8,13951.09,1050.47,2308.10,1255.59,10387.40
2026,7,Direction Générale,9,21416.34,2571.55,3025.58,1927.45,16463.31
2026,7,Finance & Comptabilité,5,9706.30,999.03,2179.52,873.56,6653.22
2026,7,Informatique (IT),11,20287.24,2170.72,3469.70,1825.85,14991.69
2026,7,Juridique,15,35769.63,2874.12,6153.69,3219.26,26396.68
2026,7,Logistique,9,17085.69,1830.92,3361.22,1537.71,12186.76
2026,7,Production,8,17122.21,1120.03,3220.99,1540.98,12360.24
2026,7,Recherche & Développement,11,21583.41,1546.83,3724.72,1942.51,15916.18
2026,7,Ressources Humaines,7,11957.45,136.38,2473.99,1076.16,8407.30
2026,7,Support Client,10,14542.33,752.07,2956.38,1308.80,10277.15
2026,7,Ventes & Marketing,8,14016.87,1116.25,2184.73,1261.53,10570.61
2026,8,Direction Générale,9,20962.54,2117.75,3951.11,1886.63,15124.80
2026,8,Finance & Comptabilité,5,9622.62,915.35,1420.22,866.03,7336.37
2026,8,Informatique (IT),11,19107.16,990.64,3693.10,1719.63,13694.43
2026,8,Juridique,15,35863.57,2968.06,5991.92,3227.71,26643.94
2026,8,Logistique,9,16748.07,1493.30,2792.61,1507.32,12448.14
2026,8,Production,8,16746.35,744.17,2542.74,1507.17,12696.44
2026,8,Recherche & Développement,11,22733.25,2696.67,3510.58,2045.98,17176.69
2026,8,Ressources Humaines,7,13134.13,1313.06,2534.46,1182.07,9417.60
2026,8,Support Client,10,14535.73,745.47,2924.01,1308.21,10303.51
2026,8,Ventes & Marketing,8,13452.64,552.02,2335.00,1210.74,9906.90
2026,9,Direction Générale,9,19824.31,979.52,3549.31,1784.19,14490.81
2026,9,Finance & Comptabilité,5,9643.42,936.15,1881.53,867.91,6893.98
2026,9,Informatique (IT),11,19258.55,1142.03,3383.05,1733.28,14142.22
2026,9,Juridique,15,35343.50,2447.99,5410.41,3180.93,26752.16
2026,9,Logistique,9,16443.20,1188.43,3489.51,1479.90,11473.79
2026,9,Production,8,17181.26,1179.08,3117.57,1546.31,12517.38
2026,9,Recherche & Développement,11,21723.61,1687.03,3233.91,1955.13,16534.57
2026,9,Ressources Humaines,7,12437.26,616.19,2117.56,1119.36,9200.34
2026,9,Support Client,10,14661.54,871.28,2813.65,1319.54,10528.35
2026,9,Ventes & Marketing,8,14276.47,1375.85,2247.70,1284.89,10743.88
2026,10,Direction Générale,9,20181.19,1336.40,3746.72,1816.30,14618.17
2026,10,Finance & Comptabilité,5,9881.44,1174.17,2047.24,889.33,6944.87
2026,10,Informatique (IT),11,19154.00,1037.48,3418.97,1723.87,14011.16
2026,10,Juridique,15,35489.01,2593.50,5812.35,3194.01,26482.65
2026,10,Logistique,9,15942.20,687.43,3007.80,1434.79,11499.61
2026,10,Production,8,16904.08,901.90,2585.56,1521.36,12797.16
2026,10,Recherche & Développement,11,21342.84,1306.26,4033.04,1920.86,15388.94
2026,10,Ressources Humaines,7,12259.45,438.38,1899.44,1103.34,9256.67
2026,10,Support Client,10,14634.62,844.36,2861.22,1317.11,10456.29
2026,10,Ventes & Marketing,8,14193.32,1292.70,2487.75,1277.39,10428.18
2026,11,Direction Générale,9,19730.13,885.34,3869.35,1775.72,14085.06
2026,11,Finance & Comptabilité,5,9342.62,635.35,1357.68,840.84,7144.10
2026,11,Informatique (IT),11,19382.81,1266.29,3502.15,1744.45,14136.21
2026,11,Juridique,15,35697.40,2801.89,6277.36,3212.76,26207.28
2026,11,Logistique,9,16479.38,1224.61,2630.42,1483.14,12365.82
2026,11,Production,8,17685.37,1683.19,3143.71,1591.67,12949.99
2026,11,Recherche & Développement,11,20777.59,741.01,4004.55,1869.97,14903.07
2026,11,Ressources Humaines,7,13130.47,1309.40,2594.84,1181.73,9353.90
2026,11,Support Client,10,14581.87,791.61,2802.66,1312.37,10466.84
2026,11,Ventes & Marketing,8,13565.74,665.12,2440.69,1220.93,9904.12
2026,12,Direction Générale,9,20813.41,1968.62,3696.64,1873.22,15243.55
2026,12,Finance & Comptabilité,5,9248.47,541.20,1825.34,832.37,6590.76
2026,12,Informatique (IT),11,19973.08,1856.56,3807.37,1797.57,14368.14
2026,12,Juridique,15,36112.92,3217.41,6560.38,3250.15,26302.39
2026,12,Logistique,9,16517.67,1262.90,2713.84,1486.59,12317.24
2026,12,Production,8,16803.46,801.28,2484.06,1512.30,12807.10
2026,12,Recherche & Développement,11,21623.88,1587.30,3940.76,1946.15,15736.97
2026,12,Ressources Humaines,7,13343.44,1522.37,2453.25,1200.91,9689.28
2026,12,Support Client,10,15627.96,1837.70,3171.49,1406.52,11049.95
2026,12,Ventes & Marketing,8,14246.84,1346.22,2510.59,1282.21,10454.04
2027,1,Direction Générale,9,19785.54,940.75,3614.39,1780.71,14390.44
2027,1,Finance & Comptabilité,5,9360.56,653.29,1710.53,842.45,6807.58
2027,1,Informatique (IT),11,19644.38,1527.86,3433.52,1767.99,14442.87
2027,1,Juridique,15,35465.14,2569.63,6475.56,3191.85,25797.73
2027,1,Logistique,9,16650.50,1395.73,3033.65,1498.56,12118.29
2027,1,Production,8,16924.02,921.84,3189.10,1523.15,12211.77
2027,1,Recherche & Développement,11,21874.87,1838.29,3633.66,1968.73,16272.48
2027,1,Ressources Humaines,7,12382.94,561.87,2230.14,1114.47,9038.33
2027,1,Support Client,10,15021.27,1231.01,2355.65,1351.91,11313.71
2027,1,Ventes & Marketing,8,13785.29,884.67,2617.84,1240.68,9926.77
2027,2,Direction Générale,9,20023.07,1178.28,3347.01,1802.06,14874.00
2027,2,Finance & Comptabilité,5,8960.01,252.74,1532.21,806.41,6621.39
2027,2,Informatique (IT),11,19276.88,1160.36,3710.60,1734.91,13831.37
2027,2,Juridique,15,35444.62,2549.11,7126.05,3190.00,25128.57
2027,2,Logistique,9,16587.69,1332.92,2782.83,1492.90,12311.96
2027,2,Production,8,16857.50,855.32,2847.85,1517.17,12492.48
2027,2,Recherche & Développement,11,21584.80,1548.22,3662.07,1942.63,15980.10
2027,2,Ressources Humaines,7,12413.95,592.88,1988.18,1117.25,9308.52
2027,2,Support Client,10,15194.87,1404.61,2664.78,1367.55,11162.54
2027,2,Ventes & Marketing,8,13990.43,1089.81,2293.17,1259.14,10438.12
2027,3,Direction Générale,9,21173.25,2328.46,3921.97,1905.59,15345.69
2027,3,Finance & Comptabilité,5,8942.26,234.99,1405.56,804.80,6731.90
2027,3,Informatique (IT),11,19058.67,942.15,3556.82,1715.26,13786.59
2027,3,Juridique,15,34874.59,1979.08,6333.53,3138.71,25402.35
2027,3,Logistique,9,16662.92,1408.15,2869.04,1499.67,12294.21
2027,3,Production,8,17542.86,1540.68,2519.63,1578.85,13444.38
2027,3,Recherche & Développement,11,20984.92,948.34,3909.17,1888.64,15187.11
2027,3,Ressources Humaines,7,12982.29,1161.22,2508.07,1168.40,9305.82
2027,3,Support Client,10,14570.04,779.78,2015.67,1311.28,11243.09
2027,3,Ventes & Marketing,8,14509.81,1609.19,2441.06,1305.89,10762.86
2027,4,Direction Générale,9,20720.60,1875.81,3834.67,1864.86,15021.07
2027,4,Finance & Comptabilité,5,9351.96,644.69,1488.68,841.68,7021.60
2027,4,Informatique (IT),11,19518.04,1401.52,3365.01,1756.63,14396.40
2027,4,Juridique,15,35764.02,2868.51,5323.71,3218.75,27221.56
2027,4,Logistique,9,16942.34,1687.57,2951.17,1524.83,12466.34
2027,4,Production,8,17280.61,1278.43,3393.18,1555.24,12332.19
2027,4,Recherche & Développement,11,22034.13,1997.55,3415.53,1983.06,16635.54
2027,4,Ressources Humaines,7,13118.10,1297.03,2421.97,1180.61,9515.52
2027,4,Support Client,10,15644.62,1854.36,3011.74,1408.02,11224.86
2027,4,Ventes & Marketing,8,14435.36,1534.74,2690.98,1299.18,10445.20
2027,5,Direction Générale,9,20741.30,1896.51,4002.70,1866.72,14871.88
2027,5,Finance & Comptabilité,5,9186.59,479.32,1451.00,826.80,6908.79
2027,5,Informatique (IT),11,20750.27,2633.75,3250.79,1867.52,15631.96
2027,5,Juridique,15,35255.31,2359.80,5423.46,3172.97,26658.88
2027,5,Logistique,9,16619.13,1364.36,3041.84,1495.73,12081.56
2027,5,Production,8,17134.80,1132.62,3026.16,1542.12,12566.52
2027,5,Recherche & Développement,11,21783.14,1746.56,3601.83,1960.47,16220.84
2027,5,Ressources Humaines,7,12978.53,1157.46,2103.90,1168.07,9706.56
2027,5,Support Client,10,14805.01,1014.75,2811.64,1332.46,10660.91
2027,5,Ventes & Marketing,8,13910.48,1009.86,2654.85,1251.95,10003.68
2027,6,Direction Générale,9,20147.40,1302.61,3262.37,1813.27,15071.76
2027,6,Finance & Comptabilité,5,9468.40,761.13,1558.37,852.16,7057.87
2027,6,Informatique (IT),11,19138.22,1021.70,3138.25,1722.43,14277.54
2027,6,Juridique,15,35445.90,2550.39,5798.05,3190.14,26457.71
2027,6,Logistique,9,16509.31,1254.54,2911.10,1485.84,12112.37
2027,6,Production,8,17292.04,1289.86,3251.07,1556.29,12484.68
2027,6,Recherche & Développement,11,21325.41,1288.83,3779.98,1919.29,15626.14
2027,6,Ressources Humaines,7,13298.67,1477.60,2637.34,1196.88,9464.45
2027,6,Support Client,10,14410.36,620.10,2367.75,1296.93,10745.68
2027,6,Ventes & Marketing,8,13795.65,895.03,2153.88,1241.61,10400.16
2027,7,Direction Générale,9,21225.56,2380.77,2945.04,1910.30,16370.22
2027,7,Finance & Comptabilité,5,9774.33,1067.06,1743.25,879.69,7151.39
2027,7,Informatique (IT),11,19786.54,1670.02,3358.92,1780.80,14646.82
2027,7,Juridique,15,35789.70,2894.19,6347.87,3221.06,26220.77
2027,7,Logistique,9,16883.10,1628.33,3207.69,1519.48,12155.93
2027,7,Production,8,16726.95,724.77,2936.73,1505.41,12284.81
2027,7,Recherche & Développement,11,21754.00,1717.42,3525.08,1957.85,16271.07
2027,7,Ressources Humaines,7,12678.14,857.07,1928.95,1141.04,9608.15
2027,7,Support Client,10,15271.08,1480.82,2356.90,1374.39,11539.79
2027,7,Ventes & Marketing,8,13745.26,844.64,2524.37,1237.07,9983.82
2027,8,Direction Générale,9,20299.44,1454.65,3836.03,1826.96,14636.45
2027,8,Finance & Comptabilité,5,9763.86,1056.59,1753.20,878.74,7131.92
2027,8,Informatique (IT),11,19931.60,1815.08,3585.26,1793.84,14552.50
2027,8,Juridique,15,35407.43,2511.92,6133.27,3186.67,26087.49
2027,8,Logistique,9,16106.17,851.40,2902.65,1449.56,11753.96
2027,8,Production,8,16757.97,755.79,2742.83,1508.22,12506.92
2027,8,Recherche & Développement,11,22333.08,2296.50,4147.50,2009.98,16175.60
2027,8,Ressources Humaines,7,12974.45,1153.38,1977.68,1167.69,9829.08
2027,8,Support Client,10,15186.11,1395.85,2371.12,1366.75,11448.24
2027,8,Ventes & Marketing,8,13877.14,976.52,2283.56,1248.94,10344.64
2027,9,Direction Générale,9,21216.34,2371.55,3944.85,1909.46,15362.03
2027,9,Finance & Comptabilité,5,10122.23,1414.96,1548.45,911.00,7662.78
2027,9,Informatique (IT),11,18719.21,602.69,3156.81,1684.72,13877.68
2027,9,Juridique,15,35033.18,2137.67,6162.06,3152.97,25718.15
2027,9,Logistique,9,16356.62,1101.85,2777.10,1472.11,12107.41
2027,9,Production,8,17987.91,1985.73,3245.32,1618.91,13123.68
2027,9,Recherche & Développement,11,21416.06,1379.48,3983.51,1927.44,15505.11
2027,9,Ressources Humaines,7,12609.82,788.75,2042.56,1134.89,9432.37
2027,9,Support Client,10,15010.53,1220.27,2920.39,1350.94,10739.20
2027,9,Ventes & Marketing,8,14590.15,1689.53,2559.89,1313.14,10717.12
2027,10,Direction Générale,9,20410.29,1565.50,3732.12,1836.92,14841.25
2027,10,Finance & Comptabilité,5,9483.65,776.38,1786.97,853.54,6843.14
2027,10,Informatique (IT),11,19593.75,1477.23,3285.48,1763.46,14544.81
2027,10,Juridique,15,36117.70,3222.19,6087.47,3250.58,26779.65
2027,10,Logistique,9,16416.90,1162.13,2696.44,1477.54,12242.92
2027,10,Production,8,16883.59,881.41,2607.33,1519.51,12756.75
2027,10,Recherche & Développement,11,21825.68,1789.10,4292.33,1964.32,15569.03
2027,10,Ressources Humaines,7,12444.50,623.43,2325.85,1120.00,8998.65
2027,10,Support Client,10,14953.95,1163.69,2445.79,1345.85,11162.31
2027,10,Ventes & Marketing,8,14285.95,1385.33,2666.06,1285.73,10334.16
2027,11,Direction Générale,9,19914.84,1070.05,3659.71,1792.35,14462.78
2027,11,Finance & Comptabilité,5,9297.75,590.48,1635.61,836.81,6825.33
2027,11,Informatique (IT),11,19460.12,1343.60,3304.73,1751.41,14403.98
2027,11,Juridique,15,35372.18,2476.67,7097.20,3183.52,25091.46
2027,11,Logistique,9,16611.09,1356.32,2899.72,1495.00,12216.37
2027,11,Production,8,16363.87,361.69,2920.18,1472.74,11970.95
2027,11,Recherche & Développement,11,21344.63,1308.05,4101.46,1921.01,15322.16
2027,11,Ressources Humaines,7,12455.07,634.00,2216.53,1120.96,9117.58
2027,11,Support Client,10,15053.07,1262.81,2784.23,1354.79,10914.05
2027,11,Ventes & Marketing,8,13834.14,933.52,2609.85,1245.08,9979.21
2027,12,Direction Générale,9,21326.81,2482.02,3501.33,1919.41,15906.07
2027,12,Finance & Comptabilité,5,9637.34,930.07,1973.20,867.37,6796.77
2027,12,Informatique (IT),11,19649.11,1532.59,3250.70,1768.42,14629.99
2027,12,Juridique,15,35236.47,2340.96,5747.58,3171.27,26317.62
2027,12,Logistique,9,16734.55,1479.78,3355.08,1506.12,11873.35
2027,12,Production,8,16370.64,368.46,2540.15,1473.34,12357.15
2027,12,Recherche & Développement,11,22416.32,2379.74,3844.40,2017.46,16554.46
2027,12,Ressources Humaines,7,12763.09,942.02,2220.76,1148.68,9393.65
2027,12,Support Client,10,15221.45,1431.19,2630.41,1369.94,11221.10
2027,12,Ventes & Marketing,8,14238.85,1338.23,2517.52,1281.50,10439.83
